-- TOURS--
INSERT INTO tours."Tours" ("Id", "AuthorId", "Name", "Description", "Difficulty", "Tags", "Status", "Price", "IsDeleted", "Distance", "PublishDate", "ArchiveDate", "Durations", "Category") VALUES (-201, -2, 'Obilazak Fruske Gore', 'Uzbudljiv i nezaboravan dan u prirodi', 3, '{Nature,Activity}', 1, 160, false, 1.87, '2024-01-16 18:04:28.334426+01', '-infinity', '[{"Duration": 76, "TransportType": 0}]', 0);
INSERT INTO tours."Tours" ("Id", "AuthorId", "Name", "Description", "Difficulty", "Tags", "Status", "Price", "IsDeleted", "Distance", "PublishDate", "ArchiveDate", "Durations", "Category") VALUES (-202, -2, 'Šetnja kejom', 'Provedite poslepodne uz Dunav', 1, '{River,Activity}', 1, 90, false, 4.06, '2024-01-16 18:11:07.989305+01', '-infinity', '[{"Duration": 113, "TransportType": 0}]', 0);
INSERT INTO tours."Tours" ("Id", "AuthorId", "Name", "Description", "Difficulty", "Tags", "Status", "Price", "IsDeleted", "Distance", "PublishDate", "ArchiveDate", "Durations", "Category") VALUES (-203, -2, 'Aktivnosti po Novom Sadu', 'Uzbudljive grupne aktivnosti', 4, '{Fun,Activity}', 1, 150, false, 7.49, '2024-01-16 18:19:18.498575+01', '-infinity', '[{"Duration": 155, "TransportType": 0}, {"Duration": 52, "TransportType": 1}, {"Duration": 39, "TransportType": 2}]', 0);
INSERT INTO tours."Tours" ("Id", "AuthorId", "Name", "Description", "Difficulty", "Tags", "Status", "Price", "IsDeleted", "Distance", "PublishDate", "ArchiveDate", "Durations", "Category") VALUES (-204, -2, 'Vožnja bicikla Fruškom', 'Provozajte se kroz šumovite staze Fruške Gore', 5, '{Bicycle,Forest}', 1, 200, false, 9.81, '2024-01-16 18:30:33.003981+01', '-infinity', '[{"Duration": 74, "TransportType": 1}]', 0);
INSERT INTO tours."Tours" ("Id", "AuthorId", "Name", "Description", "Difficulty", "Tags", "Status", "Price", "IsDeleted", "Distance", "PublishDate", "ArchiveDate", "Durations", "Category") VALUES (-205, -2, 'Brzinska tura', 'Potrčite!', 5, '{Running,Activity}', 1, 70, false, 3.43, '2024-01-16 18:36:23.378412+01', '-infinity', '[{"Duration": 102, "TransportType": 0}]', 0);
INSERT INTO tours."Tours" ("Id", "AuthorId", "Name", "Description", "Difficulty", "Tags", "Status", "Price", "IsDeleted", "Distance", "PublishDate", "ArchiveDate", "Durations", "Category") VALUES (-206, -2, 'Dugačka šetnja Novim Sadom', 'Protegnite noge po Novom Sadu', 2, '{Activity}', 1, 120, false, 4.97, '2024-01-16 18:47:45.480877+01', '-infinity', '[{"Duration": 143, "TransportType": 0}]', 0);

INSERT INTO tours."Tours" ("Id", "AuthorId", "Name", "Description", "Difficulty", "Tags", "Status", "Price", "IsDeleted", "Distance", "PublishDate", "ArchiveDate", "Durations", "Category") VALUES (-105, -2, 'Obilazak centra', 'Obilazak najpoznatijeg dela Novog Sada', 2, '{miletic,jjzmaj,dunavski}', 1, 50, false, 0.77, '2024-01-16 17:43:49.837559+01', '-infinity', '[{"Duration": 58, "TransportType": 0}]', 1);
INSERT INTO tours."Tours" ("Id", "AuthorId", "Name", "Description", "Difficulty", "Tags", "Status", "Price", "IsDeleted", "Distance", "PublishDate", "ArchiveDate", "Durations", "Category") VALUES (-106, -2, 'Obilazak parkova', 'Obilazak najlepsih delova prirode Novog Sada', 4, '{limanski,dunavski,futoski}', 1, 120, false, 4.33, '2024-01-16 17:50:07.790008+01', '-infinity', '[{"Duration": 117, "TransportType": 0}, {"Duration": 58, "TransportType": 1}]', 1);
INSERT INTO tours."Tours" ("Id", "AuthorId", "Name", "Description", "Difficulty", "Tags", "Status", "Price", "IsDeleted", "Distance", "PublishDate", "ArchiveDate", "Durations", "Category") VALUES (-107, -2, 'Obilazak pijaca', 'Obidjite sve pijace u gradu i kupite potrebne namirnice po odlicnim cenam', 4, '{limanska,futoska,deteliranska}', 1, 80, false, 3.55, '2024-01-16 17:58:28.13696+01', '-infinity', '[{"Duration": 104, "TransportType": 0}, {"Duration": 49, "TransportType": 2}]', 1);
INSERT INTO tours."Tours" ("Id", "AuthorId", "Name", "Description", "Difficulty", "Tags", "Status", "Price", "IsDeleted", "Distance", "PublishDate", "ArchiveDate", "Durations", "Category") VALUES (-108, -2, 'Obilazak Lidl prodavnica ', 'Posetite svoje omiljene i najpovoljnije prodavnice sa Vasom porodicom', 2, '{lidl,kupovina}', 1, 90, false, 4.95, '2024-01-16 18:08:39.682432+01', '-infinity', '[{"Duration": 127, "TransportType": 0}, {"Duration": 51, "TransportType": 2}]', 1);
INSERT INTO tours."Tours" ("Id", "AuthorId", "Name", "Description", "Difficulty", "Tags", "Status", "Price", "IsDeleted", "Distance", "PublishDate", "ArchiveDate", "Durations", "Category") VALUES (-109, -2, 'Obilazak trznih centara', 'Podjite u soping iz snova', 5, '{promenada,merkator,big}', 1, 150, false, 4.33, '2024-01-16 18:15:01.563896+01', '-infinity', '[{"Duration": 58, "TransportType": 1}, {"Duration": 50, "TransportType": 2}]', 1);

INSERT INTO tours."Tours" ("Id", "AuthorId", "Name", "Description", "Difficulty", "Tags", "Status", "Price", "IsDeleted", "Distance", "PublishDate", "ArchiveDate", "Durations", "Category") VALUES (-110, -2, 'Muzeji Novog Sada', 'Posetite muzeje Novog Sada', 3, '{umetnost,kultura,istorija}', 1, 200, false, 1.08, '2024-01-16 18:31:39.498423+01', '-infinity', '[{"Duration": 63, "TransportType": 0}]', 3);
INSERT INTO tours."Tours" ("Id", "AuthorId", "Name", "Description", "Difficulty", "Tags", "Status", "Price", "IsDeleted", "Distance", "PublishDate", "ArchiveDate", "Durations", "Category") VALUES (-111, -2, 'Poseta vinarijama', 'Posetite i okusite najlepsa vina u Novom Sadu i okolini', 5, '{vino,grozdje}', 1, 130, false, 11.46, '2024-01-16 18:51:48.007578+01', '-infinity', '[{"Duration": 79, "TransportType": 1}, {"Duration": 59, "TransportType": 2}]', 3);
INSERT INTO tours."Tours" ("Id", "AuthorId", "Name", "Description", "Difficulty", "Tags", "Status", "Price", "IsDeleted", "Distance", "PublishDate", "ArchiveDate", "Durations", "Category") VALUES (-112, -2, 'Obilazak spomenika', 'Obilazak najznacajnijih i najpoznatijih spomenika u Novom Sadu', 4, '{spomenik}', 1, 60, false, 1.43, '2024-01-16 21:10:41.669485+01', '2024-01-16 21:09:52.334512+01', '[{"Duration": 69, "TransportType": 0}]', 3);
INSERT INTO tours."Tours" ("Id", "AuthorId", "Name", "Description", "Difficulty", "Tags", "Status", "Price", "IsDeleted", "Distance", "PublishDate", "ArchiveDate", "Durations", "Category") VALUES (-114, -2, 'Poseta pozoristima', 'Priblizite se novosadskoj pozorisnoj sceni', 2, '{pozoriste,predstava}', 1, 110, false, 0.66, '2024-01-16 21:01:47.964176+01', '-infinity', '[{"Duration": 41, "TransportType": 0}]', 3);
INSERT INTO tours."Tours" ("Id", "AuthorId", "Name", "Description", "Difficulty", "Tags", "Status", "Price", "IsDeleted", "Distance", "PublishDate", "ArchiveDate", "Durations", "Category") VALUES (-115, -2, 'Obilazak crkvi', 'Upoznajte se sa religijskom stranom ovog grada', 3, '{religija,porodica,crkva}', 1, 30, false, 1.01, '2024-01-16 21:08:48.053856+01', '-infinity', '[{"Duration": 62, "TransportType": 0}]', 3);

INSERT INTO tours."Tours" ("Id", "AuthorId", "Name", "Description", "Difficulty", "Tags", "Status", "Price", "IsDeleted", "Distance", "PublishDate", "ArchiveDate", "Durations", "Category") VALUES (1001, 1, 'Studentska tura', 'Put jednog studenta', 2, '{Dom,Student}', 0, 100, false, 0, '-infinity', '-infinity', '[]', 0);



--KEY POINTS--
INSERT INTO tours."KeyPoints" ("Id", "TourId", "Name", "Description", "Longitude", "Latitude", "LocationAddress", "ImagePath", "Order", "HaveSecret", "Secret", "IsEncounterRequired", "HasEncounter") VALUES (-201, -201, 'Popovica', 'Savršeno mesto za početak putovanja', 19.826260328227367, 45.18388654346712, 'Fruskogorski put  Поповица  Novi Sad  21000  Serbia', '0c932425-3977-416d-a857-f6389fe8b38a.jpg', 0, true, '{"Images": [""], "Description": ""}', false, false);
INSERT INTO tours."KeyPoints" ("Id", "TourId", "Name", "Description", "Longitude", "Latitude", "LocationAddress", "ImagePath", "Order", "HaveSecret", "Secret", "IsEncounterRequired", "HasEncounter") VALUES (-202, -201, 'Orlovo bojište', 'Vidikovac', 19.830607294861696, 45.18073056221459, 'Orlovo bojiste  Зоранова стаза  Сремска Каменица  21206  Serbia', '8f9a7a22-018a-4d45-8501-fd8e6195f98a.jpg', 1, true, '{"Images": [""], "Description": ""}', false, false);
INSERT INTO tours."KeyPoints" ("Id", "TourId", "Name", "Description", "Longitude", "Latitude", "LocationAddress", "ImagePath", "Order", "HaveSecret", "Secret", "IsEncounterRequired", "HasEncounter") VALUES (-203, -201, 'Popovičko jezero', 'Uživajte u savršenom pogledu.', 19.819680780128696, 45.18399026937773, 'Поповица  МЗ Сремска Каменица  Novi Sad  21000  Serbia', 'd1685089-f725-44ca-bed4-b091e1153db3.jpg', 2, true, '{"Images": [""], "Description": ""}', false, false);
INSERT INTO tours."KeyPoints" ("Id", "TourId", "Name", "Description", "Longitude", "Latitude", "LocationAddress", "ImagePath", "Order", "HaveSecret", "Secret", "IsEncounterRequired", "HasEncounter") VALUES (-204, -202, 'Kanal', 'Posmatrajte Žeželja', 19.86652287836478, 45.26717225641403, '  МЗ Салајка  Novi Sad  21000  Serbia', '27a8f4ae-dbf8-4dcc-9838-c0d1c868b6bb.jpg', 0, true, '{"Images": [""], "Description": ""}', false, false);
INSERT INTO tours."KeyPoints" ("Id", "TourId", "Name", "Description", "Longitude", "Latitude", "LocationAddress", "ImagePath", "Order", "HaveSecret", "Secret", "IsEncounterRequired", "HasEncounter") VALUES (-205, -202, 'Bleja na keju', 'Pozovite drugare i ponesite zvučnik', 19.855659931854465, 45.252732956994045, '  МЗ Соња Маринковић  Novi Sad  21101  Serbia', 'c90e1402-90cf-46cc-bacf-255a5bf51683.jpg', 1, true, '{"Images": [""], "Description": ""}', false, false);
INSERT INTO tours."KeyPoints" ("Id", "TourId", "Name", "Description", "Longitude", "Latitude", "LocationAddress", "ImagePath", "Order", "HaveSecret", "Secret", "IsEncounterRequired", "HasEncounter") VALUES (-206, -202, 'Štrand', 'Kupanjac na Štrandu', 19.848890036300876, 45.236741227183586, 'Сунчани кеј  Liman 1  Novi Sad  21002  Serbia', '8f44ee46-635d-4c40-b249-bd6be1ff4c5d.jpg', 2, true, '{"Images": [""], "Description": ""}', false, false);
INSERT INTO tours."KeyPoints" ("Id", "TourId", "Name", "Description", "Longitude", "Latitude", "LocationAddress", "ImagePath", "Order", "HaveSecret", "Secret", "IsEncounterRequired", "HasEncounter") VALUES (-207, -203, 'Airsoft', 'Upucajte prijatelje :)', 19.7713956534426, 45.26160691535529, 'Доње Сајлово  Jugovicevo  Novi Sad  21000  Serbia', '50a64641-3e10-41e4-b5a6-b93bb909bf3b.jpg', 0, false, NULL, false, false);
INSERT INTO tours."KeyPoints" ("Id", "TourId", "Name", "Description", "Longitude", "Latitude", "LocationAddress", "ImagePath", "Order", "HaveSecret", "Secret", "IsEncounterRequired", "HasEncounter") VALUES (-208, -203, 'Kupanje na SPENSu', 'Posle trčanja, valja se malo i okupati', 19.84380984271411, 45.24907887462066, 'Maksima Gorkog  Stari grad  Novi Sad  21101  Serbia', '87742e3d-bb42-4326-b221-4fa0ac87847b.jpg', 1, true, '{"Images": [""], "Description": ""}', false, false);
INSERT INTO tours."KeyPoints" ("Id", "TourId", "Name", "Description", "Longitude", "Latitude", "LocationAddress", "ImagePath", "Order", "HaveSecret", "Secret", "IsEncounterRequired", "HasEncounter") VALUES (-209, -204, 'Stražilovo', 'Uživajte u debeloj hladovini Stražilova', 19.932721316727115, 45.20070230065922, '1  Gajeva  Сремски Карловци  21205  Serbia', 'd16479a8-7bfd-4eb0-aad7-bdf7f00d3ea4.jpg', 0, true, '{"Images": [""], "Description": ""}', false, false);
INSERT INTO tours."KeyPoints" ("Id", "TourId", "Name", "Description", "Longitude", "Latitude", "LocationAddress", "ImagePath", "Order", "HaveSecret", "Secret", "IsEncounterRequired", "HasEncounter") VALUES (-210, -204, 'Spomenik Branku Radičeviću', 'Puca pogled', 19.91398724909232, 45.16685212634892, '  Дубоки пут  Сремски Карловци  22327  Serbia', '2bc2140b-c1ca-4cf3-b2ed-e4d61e15d044.jpg', 1, true, '{"Images": [""], "Description": ""}', false, false);
INSERT INTO tours."KeyPoints" ("Id", "TourId", "Name", "Description", "Longitude", "Latitude", "LocationAddress", "ImagePath", "Order", "HaveSecret", "Secret", "IsEncounterRequired", "HasEncounter") VALUES (-211, -204, 'Bukovac', 'Limene ruke u Bukovcu', 19.894572256598625, 45.19155041254075, 'Brnjica  МЗ Буковац  Bukovac  21209  Serbia', '9b176810-0bad-46d8-8ba5-1c575917a81f.jpg', 2, true, '{"Images": [""], "Description": ""}', false, false);
INSERT INTO tours."KeyPoints" ("Id", "TourId", "Name", "Description", "Longitude", "Latitude", "LocationAddress", "ImagePath", "Order", "HaveSecret", "Secret", "IsEncounterRequired", "HasEncounter") VALUES (-212, -205, 'Start', 'Start je kod Štranda', 19.85324594374106, 45.24082079238161, 'Сунчани кеј  МЗ Лиман  Novi Sad  21000  Serbia', 'd760f1eb-ae9d-4782-b27c-ff25854477d2.jpg', 0, true, '{"Images": [""], "Description": ""}', false, false);
INSERT INTO tours."KeyPoints" ("Id", "TourId", "Name", "Description", "Longitude", "Latitude", "LocationAddress", "ImagePath", "Order", "HaveSecret", "Secret", "IsEncounterRequired", "HasEncounter") VALUES (-213, -205, 'Na pola puta', 'Ostalo je još malo, trči.', 19.85612010816113, 45.25321495530023, 'Лука Нови Сад  Kej zrtava racije  Novi Sad  21101  Serbia', '8b04a757-5ca0-48e4-b3db-661d9fe6db6a.jpg', 1, true, '{"Images": [""], "Description": ""}', false, false);
INSERT INTO tours."KeyPoints" ("Id", "TourId", "Name", "Description", "Longitude", "Latitude", "LocationAddress", "ImagePath", "Order", "HaveSecret", "Secret", "IsEncounterRequired", "HasEncounter") VALUES (-214, -205, 'End', 'Zaustavi štopericu', 19.865733145270497, 45.26662719904431, '  МЗ Салајка  Novi Sad  21000  Serbia', '404b6866-5096-40e1-9e6e-805526a7d534.png', 2, true, '{"Images": [""], "Description": ""}', false, false);
INSERT INTO tours."KeyPoints" ("Id", "TourId", "Name", "Description", "Longitude", "Latitude", "LocationAddress", "ImagePath", "Order", "HaveSecret", "Secret", "IsEncounterRequired", "HasEncounter") VALUES (-215, -206, 'Dunavski park', 'Započnite šetnju u hladovini Dunavskog parka', 19.85182437296317, 45.25461359673799, 'Bul. Mihajla Pupina - Danube''s Park  Bulevar Mihajla Pupina  Novi Sad  21000  Serbia', 'a1d62b12-116d-43b0-bf36-1f6e5f00828c.jpg', 0, true, '{"Images": [""], "Description": ""}', false, false);
INSERT INTO tours."KeyPoints" ("Id", "TourId", "Name", "Description", "Longitude", "Latitude", "LocationAddress", "ImagePath", "Order", "HaveSecret", "Secret", "IsEncounterRequired", "HasEncounter") VALUES (-216, -206, 'Mileticev spomenik', 'Prošetajte centrom i obiđite spomenik gde se mladi sastaju pre izlaska', 19.845088183792544, 45.255054040103204, '5  Трг слободе  Novi Sad  21000  Serbia', 'b508a019-be57-4f68-bb29-02d6d1c1fb7f.jpg', 1, true, '{"Images": [""], "Description": ""}', false, false);
INSERT INTO tours."KeyPoints" ("Id", "TourId", "Name", "Description", "Longitude", "Latitude", "LocationAddress", "ImagePath", "Order", "HaveSecret", "Secret", "IsEncounterRequired", "HasEncounter") VALUES (-217, -206, 'Sinagoga', 'Uživajte u arhitekturi Sinagoge', 19.840650290207126, 45.25342404269199, 'Novi Sad Synagogue  9  Novi Sad  21101  Serbia', 'a0a64821-f974-4dda-af6c-cf0b52e8e18e.jpg', 2, true, '{"Images": [""], "Description": ""}', false, false);
INSERT INTO tours."KeyPoints" ("Id", "TourId", "Name", "Description", "Longitude", "Latitude", "LocationAddress", "ImagePath", "Order", "HaveSecret", "Secret", "IsEncounterRequired", "HasEncounter") VALUES (-218, -206, 'Šodroš', 'Uživajte malo i u prirodi', 19.83202967043326, 45.22886834939341, 'Kajak Kanu Klub "Liman"  Ribarsko ostrvo  Novi Sad  21000  Serbia', '4363a657-e761-4a27-b915-0bdec1bc06be.jpg', 3, true, '{"Images": [""], "Description": ""}', false, false);

INSERT INTO tours."KeyPoints" ("Id", "TourId", "Name", "Description", "Longitude", "Latitude", "LocationAddress", "ImagePath", "Order", "HaveSecret", "Secret", "IsEncounterRequired", "HasEncounter") VALUES (-110, -105, 'Spomenik Svetozaru Mileticu', 'Najpopularniji spomenik u Novom Sadu', 19.8448920249939, 45.25502886482637, '5  Трг слободе  Novi Sad  21000  Serbia', '9ffc8e17-5d31-4cb3-96b9-26c2469b2809.jpg', 0, true, '{"Images": [""], "Description": ""}', false, false);
INSERT INTO tours."KeyPoints" ("Id", "TourId", "Name", "Description", "Longitude", "Latitude", "LocationAddress", "ImagePath", "Order", "HaveSecret", "Secret", "IsEncounterRequired", "HasEncounter") VALUES (-111, -105, 'Spomenik Jovanu Jovanovicu Zmaju', 'Spomenik jednom od najvecih srpskih pisaca', 19.847761988639835, 45.25683390509358, 'Јован Јовановић Змај  Zmaj Jovina  Novi Sad  21101  Serbia', '60933663-96c8-425b-9db7-fc290f412b77.jpg', 1, true, '{"Images": [""], "Description": ""}', false, false);
INSERT INTO tours."KeyPoints" ("Id", "TourId", "Name", "Description", "Longitude", "Latitude", "LocationAddress", "ImagePath", "Order", "HaveSecret", "Secret", "IsEncounterRequired", "HasEncounter") VALUES (-112, -105, 'Dunavski park', 'Jedan od najlepsih parkova u Novom Sadu', 19.85062122344971, 45.25442843076533, 'Ђура Јакшић  Pionirska  Novi Sad  21101  Serbia', '40cbf9b9-701a-42e3-accb-6ade56588945.jpg', 2, true, '{"Images": [""], "Description": ""}', false, false);
INSERT INTO tours."KeyPoints" ("Id", "TourId", "Name", "Description", "Longitude", "Latitude", "LocationAddress", "ImagePath", "Order", "HaveSecret", "Secret", "IsEncounterRequired", "HasEncounter") VALUES (-113, -106, 'Limanski park', 'Najlepsi park u gradu', 19.84114229679108, 45.23928330917167, 'Deer man  Плато Митра Суботића Субе  Novi Sad  21002  Serbia', '874267b9-6ac4-450d-b244-88c9b4b200f4.jpg', 0, true, '{"Images": [""], "Description": ""}', false, false);
INSERT INTO tours."KeyPoints" ("Id", "TourId", "Name", "Description", "Longitude", "Latitude", "LocationAddress", "ImagePath", "Order", "HaveSecret", "Secret", "IsEncounterRequired", "HasEncounter") VALUES (-114, -106, 'Dunavski park', 'Park u samom srcu grada', 19.85062122344971, 45.254419367562505, 'Ђура Јакшић  Pionirska  Novi Sad  21101  Serbia', '5af47303-46e6-4467-bbae-7787adb9ed87.jpg', 1, true, '{"Images": [""], "Description": ""}', false, false);
INSERT INTO tours."KeyPoints" ("Id", "TourId", "Name", "Description", "Longitude", "Latitude", "LocationAddress", "ImagePath", "Order", "HaveSecret", "Secret", "IsEncounterRequired", "HasEncounter") VALUES (-115, -106, 'Futoski park', 'Veoma lep, pun prirode', 19.82941031455994, 45.25071617231845, '18  Nikole Tesle  Novi Sad  21112  Serbia', '07cac836-3224-4eee-bf05-fcdf4ec114c8.jpg', 2, true, '{"Images": [""], "Description": ""}', false, false);
INSERT INTO tours."KeyPoints" ("Id", "TourId", "Name", "Description", "Longitude", "Latitude", "LocationAddress", "ImagePath", "Order", "HaveSecret", "Secret", "IsEncounterRequired", "HasEncounter") VALUES (-116, -107, 'Limanska pijaca', 'Fun fact: Limanska pijaca se nalazi na Grbavici', 19.83717799186707, 45.24319650050745, 'Лиманска пијаца  Bulevar Cara Lazara  Novi Sad  21102  Serbia', '8ab5a227-34f4-4bcc-8ad9-4f0eac503d23.jpg', 0, true, '{"Images": [""], "Description": ""}', false, false);
INSERT INTO tours."KeyPoints" ("Id", "TourId", "Name", "Description", "Longitude", "Latitude", "LocationAddress", "ImagePath", "Order", "HaveSecret", "Secret", "IsEncounterRequired", "HasEncounter") VALUES (-117, -107, 'Futoska pijaca', 'Najprometnija pijaca u gradu', 19.83764469623566, 45.25246847917685, '40  Jevrejska  Novi Sad  21101  Serbia', 'de761683-07b4-4933-8afa-b94447cf829a.jpg', 1, true, '{"Images": [""], "Description": ""}', false, false);
INSERT INTO tours."KeyPoints" ("Id", "TourId", "Name", "Description", "Longitude", "Latitude", "LocationAddress", "ImagePath", "Order", "HaveSecret", "Secret", "IsEncounterRequired", "HasEncounter") VALUES (-118, -107, 'Detelinarska pijaca', 'Najskuplja pijaca u gradu, kupujte samo ako morate', 19.817844629287723, 45.261782744188025, 'Stevana Mokranjca  Стара Детелинара  Novi Sad  21000  Serbia', '275e0e79-aadc-4ed2-8fc7-fa5d8709de36.jpg', 2, true, '{"Images": [""], "Description": ""}', false, false);
INSERT INTO tours."KeyPoints" ("Id", "TourId", "Name", "Description", "Longitude", "Latitude", "LocationAddress", "ImagePath", "Order", "HaveSecret", "Secret", "IsEncounterRequired", "HasEncounter") VALUES (-119, -108, 'Lidl Liman', 'Najbolja radnja na celom Limanu', 19.82618093490601, 45.236125363680074, 'Lidl Metropol  Sime Matavulja  Novi Sad  21000  Serbia', '5d7a9485-e5bd-4aed-9b27-684c399bdf36.jpg', 0, true, '{"Images": [""], "Description": ""}', false, false);
INSERT INTO tours."KeyPoints" ("Id", "TourId", "Name", "Description", "Longitude", "Latitude", "LocationAddress", "ImagePath", "Order", "HaveSecret", "Secret", "IsEncounterRequired", "HasEncounter") VALUES (-120, -108, 'Lidl Zeleznicka', 'Slabije snabdeven Lidl', 19.820564389228824, 45.26421207135854, 'Lidl  Jovana Hranilovica  Novi Sad  21101  Serbia', '50f06a6f-39ad-4caf-89d5-0f941883f896.jpg', 1, true, '{"Images": [""], "Description": ""}', false, false);
INSERT INTO tours."KeyPoints" ("Id", "TourId", "Name", "Description", "Longitude", "Latitude", "LocationAddress", "ImagePath", "Order", "HaveSecret", "Secret", "IsEncounterRequired", "HasEncounter") VALUES (-121, -108, 'Lidl Detelinara', 'Najbolje snabdeveni Lidl', 19.806348681449894, 45.26047402097001, 'Bulevar vojvode Stepe  Jugovicevo  Novi Sad  21137  Serbia', '66d91663-dee1-4c53-abae-6655b8371bf0.jpg', 2, true, '{"Images": [""], "Description": ""}', false, false);
INSERT INTO tours."KeyPoints" ("Id", "TourId", "Name", "Description", "Longitude", "Latitude", "LocationAddress", "ImagePath", "Order", "HaveSecret", "Secret", "IsEncounterRequired", "HasEncounter") VALUES (-123, -109, 'Merkator', 'Idu ljudi u njega i dalje, verujte nam ', 19.841292500495914, 45.243366468926794, 'Mercator  Bulevar oslobodjenja  Novi Sad  21101  Serbia', '13d5b0e1-8e1c-4a69-b13c-e7cd44ac0468.jpg', 1, true, '{"Images": [""], "Description": ""}', false, false);
INSERT INTO tours."KeyPoints" ("Id", "TourId", "Name", "Description", "Longitude", "Latitude", "LocationAddress", "ImagePath", "Order", "HaveSecret", "Secret", "IsEncounterRequired", "HasEncounter") VALUES (-124, -109, 'Big trzni centar', 'Veoma velik i snabdeven odlicnim uslugama', 19.830113053321842, 45.27541719593619, '9  Pere Popadica  Novi Sad  21138  Serbia', '2539c5f8-b2e5-41a8-af8f-f0c35229e1f4.jpg', 2, true, '{"Images": [""], "Description": ""}', false, false);

INSERT INTO tours."KeyPoints" ("Id", "TourId", "Name", "Description", "Longitude", "Latitude", "LocationAddress", "ImagePath", "Order", "HaveSecret", "Secret", "IsEncounterRequired", "HasEncounter") VALUES (-125, -110, 'Muzej savremene umetnosti Vojvodine', 'Upoznajte savremenu umetnost', 19.853469729423527, 45.25599181185773, '26  Dunavska  Novi Sad  21000  Serbia', '12b8a517-87b0-4d8f-849b-094e1cd33931.jpg', 0, true, '{"Images": [""], "Description": ""}', false, false);
INSERT INTO tours."KeyPoints" ("Id", "TourId", "Name", "Description", "Longitude", "Latitude", "LocationAddress", "ImagePath", "Order", "HaveSecret", "Secret", "IsEncounterRequired", "HasEncounter") VALUES (-126, -110, 'Muzej grada Novog Sada', 'Muzej lokalne istorije', 19.850015044212345, 45.25647139115067, '25  Dunavska  Novi Sad  21101  Serbia', 'b8fc2514-156f-4a09-95ac-8d2bc7bd9c6f.jpg', 1, true, '{"Images": [""], "Description": ""}', false, false);
INSERT INTO tours."KeyPoints" ("Id", "TourId", "Name", "Description", "Longitude", "Latitude", "LocationAddress", "ImagePath", "Order", "HaveSecret", "Secret", "IsEncounterRequired", "HasEncounter") VALUES (-127, -110, 'Galerija Matice srpske', 'Cenjena galerije moderne srpske umetnosti', 19.84586298465729, 45.2522494437762, '1  Miroslava Antica  Novi Sad  21101  Serbia', '274b86e6-bcab-40ef-9140-cfd4447b4904.jpg', 2, true, '{"Images": [""], "Description": ""}', false, false);
INSERT INTO tours."KeyPoints" ("Id", "TourId", "Name", "Description", "Longitude", "Latitude", "LocationAddress", "ImagePath", "Order", "HaveSecret", "Secret", "IsEncounterRequired", "HasEncounter") VALUES (-128, -111, 'Vinarija vinum', 'Odlicno snabdevena vinarija na periferiji Sremskih Karlovaca', 19.9399334192276, 45.197600173416475, '26a  Karlovackog mira  Сремски Карловци  21205  Serbia', '6c95659d-3860-4640-aef6-47cd456dc1f6.jpg', 0, true, '{"Images": [""], "Description": ""}', false, false);
INSERT INTO tours."KeyPoints" ("Id", "TourId", "Name", "Description", "Longitude", "Latitude", "LocationAddress", "ImagePath", "Order", "HaveSecret", "Secret", "IsEncounterRequired", "HasEncounter") VALUES (-129, -111, 'Vinarija Mrdjanin', 'Odlicna vinarija sa vinima unikatnog ukusa', 19.930207729339603, 45.20185642020873, '  Jovana Grosa  Сремски Карловци  21205  Serbia', '92b2939a-ad7f-4d83-b95c-50c5e725b47c.jpg', 1, true, '{"Images": [""], "Description": ""}', false, false);
INSERT INTO tours."KeyPoints" ("Id", "TourId", "Name", "Description", "Longitude", "Latitude", "LocationAddress", "ImagePath", "Order", "HaveSecret", "Secret", "IsEncounterRequired", "HasEncounter") VALUES (-130, -111, 'Vinarija Dulka', 'Odlicna vinarija u centru grada', 19.84188258647919, 45.259144877075826, '4  Djordja Markovica Kodera  Novi Sad  21101  Serbia', 'af6201ce-041a-4ebc-ab62-54dd992beee7.jpg', 2, true, '{"Images": [""], "Description": ""}', false, false);
INSERT INTO tours."KeyPoints" ("Id", "TourId", "Name", "Description", "Longitude", "Latitude", "LocationAddress", "ImagePath", "Order", "HaveSecret", "Secret", "IsEncounterRequired", "HasEncounter") VALUES (-131, -112, 'Kej zrtava racije', 'Secanje na uzasan dogadjaj..', 19.855915904045105, 45.252068172460966, 'Батардо - остатак некадашњег Мостобрана  Kej zrtava racije  Novi Sad  21101  Serbia', 'acc7d763-1ea4-461e-b8f3-241ddae4d137.jpg', 0, true, '{"Images": [""], "Description": ""}', false, false);
INSERT INTO tours."KeyPoints" ("Id", "TourId", "Name", "Description", "Longitude", "Latitude", "LocationAddress", "ImagePath", "Order", "HaveSecret", "Secret", "IsEncounterRequired", "HasEncounter") VALUES (-133, -112, 'Spomenik Svetozaru Mileticu', 'Najpoznatiji spomenik u samom srcu grada', 19.84489738941193, 45.25502886482637, '5  Трг слободе  Novi Sad  21000  Serbia', 'a8cbfa96-cd33-436d-98b2-3e0357635f13.jpg', 2, false, NULL, false, false);
INSERT INTO tours."KeyPoints" ("Id", "TourId", "Name", "Description", "Longitude", "Latitude", "LocationAddress", "ImagePath", "Order", "HaveSecret", "Secret", "IsEncounterRequired", "HasEncounter") VALUES (-132, -112, 'Spomenik Jovanu Jovanovicu Zmaju', 'Uspomena na jednog od najuticajnijih srpskih pisaca', 19.847767353057865, 45.25682635274337, 'Јован Јовановић Змај  Zmaj Jovina  Novi Sad  21101  Serbia', '34d1ec3c-2d8c-4428-b201-aeb0411dab1b.jpg', 1, false, NULL, false, false);
INSERT INTO tours."KeyPoints" ("Id", "TourId", "Name", "Description", "Longitude", "Latitude", "LocationAddress", "ImagePath", "Order", "HaveSecret", "Secret", "IsEncounterRequired", "HasEncounter") VALUES (-134, -114, 'Srpsko narodno pozoriste', 'Najstariji profesionalni teatar u Srbiji', 19.84317004680634, 45.25437933839155, '7  Позоришни трг  Novi Sad  21000  Serbia', '2e9159c1-44bb-4cd3-b27d-f14280295e7f.jpg', 0, true, '{"Images": [""], "Description": ""}', false, false);
INSERT INTO tours."KeyPoints" ("Id", "TourId", "Name", "Description", "Longitude", "Latitude", "LocationAddress", "ImagePath", "Order", "HaveSecret", "Secret", "IsEncounterRequired", "HasEncounter") VALUES (-135, -114, 'Pozoriste mladih', 'Mesto u kojem odrastamo, mesto u kojem od mladih postajemo ljudi', 19.849328398704532, 45.255772790046024, '6  Ise Bajica  Novi Sad  21101  Serbia', '88a68d55-0367-4c5d-b8cf-315d4d5e1b7a.jpg', 1, true, '{"Images": [""], "Description": ""}', false, false);
INSERT INTO tours."KeyPoints" ("Id", "TourId", "Name", "Description", "Longitude", "Latitude", "LocationAddress", "ImagePath", "Order", "HaveSecret", "Secret", "IsEncounterRequired", "HasEncounter") VALUES (-136, -115, 'Saborna crkva svetog Djordja', 'Najznacajniji pravoslavni hram u Novom Sadu', 19.84740793704987, 45.257464522792134, '3  Nikole Pasica  Novi Sad  21101  Serbia', '0a3f422c-b810-4dbd-a528-969ea3731a5e.jpg', 0, true, '{"Images": [""], "Description": ""}', false, false);
INSERT INTO tours."KeyPoints" ("Id", "TourId", "Name", "Description", "Longitude", "Latitude", "LocationAddress", "ImagePath", "Order", "HaveSecret", "Secret", "IsEncounterRequired", "HasEncounter") VALUES (-137, -115, 'Uspenska crkva', 'Crkva posvecena Uspenju Presvete Bogorodice', 19.84190404415131, 45.25576523755469, '16  Uspenska  Novi Sad  21000  Serbia', '38e4a217-b41f-4a7a-a3f4-a46c472cdaab.jpg', 1, true, '{"Images": [""], "Description": ""}', false, false);
INSERT INTO tours."KeyPoints" ("Id", "TourId", "Name", "Description", "Longitude", "Latitude", "LocationAddress", "ImagePath", "Order", "HaveSecret", "Secret", "IsEncounterRequired", "HasEncounter") VALUES (-138, -115, 'Katolicka crkva imena Marijinog', 'Najveca crkva u Novom Sadu, cesto nazivana ,,katedralom"', 19.845766425132755, 45.255614187517075, 'Parish Church of the Name of Mary  Трг слободе  Novi Sad  21101  Serbia', '79bbe38a-7f7d-4a18-86ed-718605b6c3da.jpg', 2, true, '{"Images": [""], "Description": ""}', false, false);

INSERT INTO tours."KeyPoints" ("Id", "TourId", "Name", "Description", "Longitude", "Latitude", "LocationAddress", "ImagePath", "Order", "HaveSecret", "Secret", "IsEncounterRequired", "HasEncounter") VALUES (1001, 1001, 'Limanski dom', 'Prebivalište studenta', 19.837259978012302, 45.23600460780574, 'Bulevar despota Stefana  Liman 3  Novi Sad  21102  Serbia', '1b4e93c6-f510-4a0a-bf62-3703b9ae996d.jpg', 0, true, '{"Images": [""], "Description": ""}', false, false);
INSERT INTO tours."KeyPoints" ("Id", "TourId", "Name", "Description", "Longitude", "Latitude", "LocationAddress", "ImagePath", "Order", "HaveSecret", "Secret", "IsEncounterRequired", "HasEncounter") VALUES (1002, 1001, 'Koliba', 'Najbolje mesto da se nesto prezalogaji', 19.848670095161655, 45.24889217996584, '10  Strazilovska  Novi Sad  21101  Serbia', '4b078975-8f12-432c-aa3b-475db3347ed9.jpg', 2, true, '{"Images": [""], "Description": ""}', false, false);
INSERT INTO tours."KeyPoints" ("Id", "TourId", "Name", "Description", "Longitude", "Latitude", "LocationAddress", "ImagePath", "Order", "HaveSecret", "Secret", "IsEncounterRequired", "HasEncounter") VALUES (1003, 1001, 'FTN', 'Najvažnija ustanova za jednog studenta', 19.85106799002097, 45.245882067965155, 'University of Novi Sad  Доктора Симе Милошевића  Novi Sad  21101  Serbia', 'c7f0e951-b52e-492f-a2b7-c6e214f41ad9.jpg', 1, false, '{"Images": [""], "Description": "Razvijao sam struju, svetlom svet obasjao.\nU svome srcu nauku sam nosio.\nI dalje se pamte mog uma carolije.\nAmfiteatar A1, moje slavno ime krije."}', false, false);



--REVIEWS--
INSERT INTO tours."Reviews"("Id", "Rating", "Comment", "TouristId", "TourVisitDate", "CommentDate", "TourId", "Images") VALUES (-201, 5, 'Odlicna tura', -178, '2024-01-15', '2024-01-15', -201, ARRAY['']);
INSERT INTO tours."Reviews"("Id", "Rating", "Comment", "TouristId", "TourVisitDate", "CommentDate", "TourId", "Images") VALUES (-202, 5, 'Svidja mi se', -182, '2024-01-14', '2024-01-14', -201, ARRAY['']);
INSERT INTO tours."Reviews"("Id", "Rating", "Comment", "TouristId", "TourVisitDate", "CommentDate", "TourId", "Images") VALUES (-203, 4, 'Bilo mi je teze nego sto sam ocekivala', -179, '2024-01-13', '2024-01-13', -201, ARRAY['']);
INSERT INTO tours."Reviews"("Id", "Rating", "Comment", "TouristId", "TourVisitDate", "CommentDate", "TourId", "Images") VALUES (-204, 5, 'Super', -180, '2024-01-15', '2024-01-15', -202, ARRAY['']);
INSERT INTO tours."Reviews"("Id", "Rating", "Comment", "TouristId", "TourVisitDate", "CommentDate", "TourId", "Images") VALUES (-205, 5, 'Veoma zanimljivo', -184, '2024-01-12', '2024-01-12', -202, ARRAY['']);
INSERT INTO tours."Reviews"("Id", "Rating", "Comment", "TouristId", "TourVisitDate", "CommentDate", "TourId", "Images") VALUES (-206, 5, 'Zabavno!', -183, '2024-01-11', '2024-01-11', -202, ARRAY['']);
INSERT INTO tours."Reviews"("Id", "Rating", "Comment", "TouristId", "TourVisitDate", "CommentDate", "TourId", "Images") VALUES (-207, 5, 'Odlicno', -176, '2024-01-9', '2024-01-9', -202, ARRAY['']);
INSERT INTO tours."Reviews"("Id", "Rating", "Comment", "TouristId", "TourVisitDate", "CommentDate", "TourId", "Images") VALUES (-208, 4, 'Moze bolje', -177, '2024-01-8', '2024-01-8', -202, ARRAY['']);
INSERT INTO tours."Reviews"("Id", "Rating", "Comment", "TouristId", "TourVisitDate", "CommentDate", "TourId", "Images") VALUES (-209, 5, 'Idealno', -181, '2024-01-12', '2024-01-12', -203, ARRAY['']);
INSERT INTO tours."Reviews"("Id", "Rating", "Comment", "TouristId", "TourVisitDate", "CommentDate", "TourId", "Images") VALUES (-210, 5, 'Bas mi se svidelo', -182, '2024-01-13', '2024-01-13', -203, ARRAY['']);
INSERT INTO tours."Reviews"("Id", "Rating", "Comment", "TouristId", "TourVisitDate", "CommentDate", "TourId", "Images") VALUES (-211, 5, 'Topcina', -175, '2024-01-8', '2024-01-8', -203, ARRAY['']);
INSERT INTO tours."Reviews"("Id", "Rating", "Comment", "TouristId", "TourVisitDate", "CommentDate", "TourId", "Images") VALUES (-212, 5, 'Bas jako', -174, '2024-01-9', '2024-01-9', -203, ARRAY['']);
INSERT INTO tours."Reviews"("Id", "Rating", "Comment", "TouristId", "TourVisitDate", "CommentDate", "TourId", "Images") VALUES (-213, 5, 'Uzivao sam', -173, '2024-01-10', '2024-01-10', -204, ARRAY['']);
INSERT INTO tours."Reviews"("Id", "Rating", "Comment", "TouristId", "TourVisitDate", "CommentDate", "TourId", "Images") VALUES (-214, 4, 'Moze bolje', -183, '2024-01-11', '2024-01-11', -204, ARRAY['']);
INSERT INTO tours."Reviews"("Id", "Rating", "Comment", "TouristId", "TourVisitDate", "CommentDate", "TourId", "Images") VALUES (-215, 5, 'Topcina', -176, '2024-01-10', '2024-01-10', -204, ARRAY['']);
INSERT INTO tours."Reviews"("Id", "Rating", "Comment", "TouristId", "TourVisitDate", "CommentDate", "TourId", "Images") VALUES (-216, 5, 'Bas je bilo dobro', -169, '2024-01-10', '2024-01-10', -204, ARRAY['']);
INSERT INTO tours."Reviews"("Id", "Rating", "Comment", "TouristId", "TourVisitDate", "CommentDate", "TourId", "Images") VALUES (-217, 4, 'Vrlo dobro', -179, '2024-01-12', '2024-01-12', -204, ARRAY['']);
INSERT INTO tours."Reviews"("Id", "Rating", "Comment", "TouristId", "TourVisitDate", "CommentDate", "TourId", "Images") VALUES (-218, 5, 'Zabavno', -178, '2024-01-13', '2024-01-13', -204, ARRAY['']);
INSERT INTO tours."Reviews"("Id", "Rating", "Comment", "TouristId", "TourVisitDate", "CommentDate", "TourId", "Images") VALUES (-219, 5, 'Taman', -184, '2024-01-14', '2024-01-14', -205, ARRAY['']);
INSERT INTO tours."Reviews"("Id", "Rating", "Comment", "TouristId", "TourVisitDate", "CommentDate", "TourId", "Images") VALUES (-220, 5, 'Predobro', -168, '2024-01-15', '2024-01-15', -205, ARRAY['']);
INSERT INTO tours."Reviews"("Id", "Rating", "Comment", "TouristId", "TourVisitDate", "CommentDate", "TourId", "Images") VALUES (-221, 4, 'Nije nesto', -182, '2024-01-14', '2024-01-14', -205, ARRAY['']);
INSERT INTO tours."Reviews"("Id", "Rating", "Comment", "TouristId", "TourVisitDate", "CommentDate", "TourId", "Images") VALUES (-222, 4, 'Moze bolje', -181, '2024-01-10', '2024-01-10', -205, ARRAY['']);
INSERT INTO tours."Reviews"("Id", "Rating", "Comment", "TouristId", "TourVisitDate", "CommentDate", "TourId", "Images") VALUES (-223, 5, 'Topcina', -178, '2024-01-9', '2024-01-9', -206, ARRAY['']);
INSERT INTO tours."Reviews"("Id", "Rating", "Comment", "TouristId", "TourVisitDate", "CommentDate", "TourId", "Images") VALUES (-224, 5, 'Svidja mi se', -169, '2024-01-12', '2024-01-12', -206, ARRAY['']);

INSERT INTO tours."Reviews" ("Id", "Rating", "Comment", "TouristId", "TourVisitDate", "CommentDate", "TourId", "Images") VALUES (-101, 5, 'Great tour.', -177, '2024-01-10', '2023-01-10', -105, ARRAY['']);
INSERT INTO tours."Reviews" ("Id", "Rating", "Comment", "TouristId", "TourVisitDate", "CommentDate", "TourId", "Images") VALUES (-102, 4, 'Okay tour.', -181, '2024-01-10', '2023-01-10', -105, ARRAY['']);
INSERT INTO tours."Reviews" ("Id", "Rating", "Comment", "TouristId", "TourVisitDate", "CommentDate", "TourId", "Images") VALUES (-103, 5, 'Love the tour.', -180, '2024-01-10', '2023-01-10', -105, ARRAY['']);
INSERT INTO tours."Reviews" ("Id", "Rating", "Comment", "TouristId", "TourVisitDate", "CommentDate", "TourId", "Images") VALUES (-104, 5, 'Average tour.', -182, '2024-01-10', '2023-01-10', -105, ARRAY['']);
INSERT INTO tours."Reviews" ("Id", "Rating", "Comment", "TouristId", "TourVisitDate", "CommentDate", "TourId", "Images") VALUES (-105, 5, 'Bad tour.', -177, '2024-01-10', '2023-01-10', -106, ARRAY['']);
INSERT INTO tours."Reviews" ("Id", "Rating", "Comment", "TouristId", "TourVisitDate", "CommentDate", "TourId", "Images") VALUES (-106, 4, 'Okay tour.', -181, '2024-01-10', '2023-01-10', -106, ARRAY['']);
INSERT INTO tours."Reviews" ("Id", "Rating", "Comment", "TouristId", "TourVisitDate", "CommentDate", "TourId", "Images") VALUES (-107, 4, 'Love the tour.', -180, '2024-01-10', '2023-01-10', -106, ARRAY['']);
INSERT INTO tours."Reviews" ("Id", "Rating", "Comment", "TouristId", "TourVisitDate", "CommentDate", "TourId", "Images") VALUES (-108, 4, 'Average tour.', -182, '2024-01-10', '2023-01-10', -106, ARRAY['']);
INSERT INTO tours."Reviews" ("Id", "Rating", "Comment", "TouristId", "TourVisitDate", "CommentDate", "TourId", "Images") VALUES (-109, 5, 'Bad tour.', -177, '2024-01-10', '2023-01-10', -107, ARRAY['']);
INSERT INTO tours."Reviews" ("Id", "Rating", "Comment", "TouristId", "TourVisitDate", "CommentDate", "TourId", "Images") VALUES (-110, 4, 'Okay tour.', -181, '2024-01-10', '2023-01-10', -107, ARRAY['']);
INSERT INTO tours."Reviews" ("Id", "Rating", "Comment", "TouristId", "TourVisitDate", "CommentDate", "TourId", "Images") VALUES (-111, 5, 'Love the tour.', -180, '2024-01-10', '2023-01-10', -107, ARRAY['']);
INSERT INTO tours."Reviews" ("Id", "Rating", "Comment", "TouristId", "TourVisitDate", "CommentDate", "TourId", "Images") VALUES (-112, 5, 'Average tour.', -182, '2024-01-10', '2023-01-10', -107, ARRAY['']);
INSERT INTO tours."Reviews" ("Id", "Rating", "Comment", "TouristId", "TourVisitDate", "CommentDate", "TourId", "Images") VALUES (-113, 5, 'Average tour.', -184, '2024-01-10', '2023-01-10', -107, ARRAY['']);
INSERT INTO tours."Reviews" ("Id", "Rating", "Comment", "TouristId", "TourVisitDate", "CommentDate", "TourId", "Images") VALUES (-114, 5, 'Bad tour.', -176, '2024-01-10', '2023-01-10', -108, ARRAY['']);
INSERT INTO tours."Reviews" ("Id", "Rating", "Comment", "TouristId", "TourVisitDate", "CommentDate", "TourId", "Images") VALUES (-115, 4, 'Okay tour.', -183, '2024-01-10', '2023-01-10', -108, ARRAY['']);
INSERT INTO tours."Reviews" ("Id", "Rating", "Comment", "TouristId", "TourVisitDate", "CommentDate", "TourId", "Images") VALUES (-116, 5, 'Love the tour.', -181, '2024-01-10', '2023-01-10', -108, ARRAY['']);
INSERT INTO tours."Reviews" ("Id", "Rating", "Comment", "TouristId", "TourVisitDate", "CommentDate", "TourId", "Images") VALUES (-117, 4, 'Average tour.', -182, '2024-01-10', '2023-01-10', -108, ARRAY['']);
INSERT INTO tours."Reviews" ("Id", "Rating", "Comment", "TouristId", "TourVisitDate", "CommentDate", "TourId", "Images") VALUES (-118, 3, 'Average tour.', -184, '2024-01-10', '2023-01-10', -108, ARRAY['']);
INSERT INTO tours."Reviews" ("Id", "Rating", "Comment", "TouristId", "TourVisitDate", "CommentDate", "TourId", "Images") VALUES (-119, 3, 'Bad tour.', -177, '2024-01-10', '2023-01-10', -109, ARRAY['']);
INSERT INTO tours."Reviews" ("Id", "Rating", "Comment", "TouristId", "TourVisitDate", "CommentDate", "TourId", "Images") VALUES (-120, 5, 'Okay tour.', -174, '2024-01-10', '2023-01-10', -109, ARRAY['']);
INSERT INTO tours."Reviews" ("Id", "Rating", "Comment", "TouristId", "TourVisitDate", "CommentDate", "TourId", "Images") VALUES (-121, 5, 'Love the tour.', -175, '2024-01-10', '2023-01-10', -109, ARRAY['']);
INSERT INTO tours."Reviews" ("Id", "Rating", "Comment", "TouristId", "TourVisitDate", "CommentDate", "TourId", "Images") VALUES (-122, 4, 'Average tour.', -182, '2024-01-10', '2023-01-10', -109, ARRAY['']);
INSERT INTO tours."Reviews" ("Id", "Rating", "Comment", "TouristId", "TourVisitDate", "CommentDate", "TourId", "Images") VALUES (-123, 5, 'Average tour.', -183, '2024-01-10', '2023-01-10', -109, ARRAY['']);
INSERT INTO tours."Reviews" ("Id", "Rating", "Comment", "TouristId", "TourVisitDate", "CommentDate", "TourId", "Images") VALUES (-124, 5, 'Bad tour.', -176, '2024-01-10', '2023-01-10', -110, ARRAY['']);
INSERT INTO tours."Reviews" ("Id", "Rating", "Comment", "TouristId", "TourVisitDate", "CommentDate", "TourId", "Images") VALUES (-125, 2, 'Okay tour.', -180, '2024-01-10', '2023-01-10', -110, ARRAY['']);
INSERT INTO tours."Reviews" ("Id", "Rating", "Comment", "TouristId", "TourVisitDate", "CommentDate", "TourId", "Images") VALUES (-126, 5, 'Love the tour.', -178, '2024-01-10', '2023-01-10', -110, ARRAY['']);
INSERT INTO tours."Reviews" ("Id", "Rating", "Comment", "TouristId", "TourVisitDate", "CommentDate", "TourId", "Images") VALUES (-127, 5, 'Average tour.', -179, '2024-01-10', '2023-01-10', -110, ARRAY['']);
INSERT INTO tours."Reviews" ("Id", "Rating", "Comment", "TouristId", "TourVisitDate", "CommentDate", "TourId", "Images") VALUES (-128, 5, 'Average tour.', -183, '2024-01-10', '2023-01-10', -110, ARRAY['']);
INSERT INTO tours."Reviews" ("Id", "Rating", "Comment", "TouristId", "TourVisitDate", "CommentDate", "TourId", "Images") VALUES (-129, 5, 'Bad tour.', -176, '2024-01-10', '2023-01-10', -111, ARRAY['']);
INSERT INTO tours."Reviews" ("Id", "Rating", "Comment", "TouristId", "TourVisitDate", "CommentDate", "TourId", "Images") VALUES (-130, 4, 'Okay tour.', -180, '2024-01-10', '2023-01-10', -111, ARRAY['']);
INSERT INTO tours."Reviews" ("Id", "Rating", "Comment", "TouristId", "TourVisitDate", "CommentDate", "TourId", "Images") VALUES (-131, 5, 'Love the tour.', -178, '2024-01-10', '2023-01-10', -111, ARRAY['']);
INSERT INTO tours."Reviews" ("Id", "Rating", "Comment", "TouristId", "TourVisitDate", "CommentDate", "TourId", "Images") VALUES (-132, 4, 'Average tour.', -179, '2024-01-10', '2023-01-10', -111, ARRAY['']);
INSERT INTO tours."Reviews" ("Id", "Rating", "Comment", "TouristId", "TourVisitDate", "CommentDate", "TourId", "Images") VALUES (-133, 5, 'Average tour.', -183, '2024-01-10', '2023-01-10', -111, ARRAY['']);
INSERT INTO tours."Reviews" ("Id", "Rating", "Comment", "TouristId", "TourVisitDate", "CommentDate", "TourId", "Images") VALUES (-134, 4, 'Bad tour.', -181, '2024-01-10', '2023-01-10', -112, ARRAY['']);
INSERT INTO tours."Reviews" ("Id", "Rating", "Comment", "TouristId", "TourVisitDate", "CommentDate", "TourId", "Images") VALUES (-135, 4, 'Okay tour.', -180, '2024-01-10', '2023-01-10', -112, ARRAY['']);
INSERT INTO tours."Reviews" ("Id", "Rating", "Comment", "TouristId", "TourVisitDate", "CommentDate", "TourId", "Images") VALUES (-136, 5, 'Love the tour.', -182, '2024-01-10', '2023-01-10', -112, ARRAY['']);
INSERT INTO tours."Reviews" ("Id", "Rating", "Comment", "TouristId", "TourVisitDate", "CommentDate", "TourId", "Images") VALUES (-137, 4, 'Average tour.', -179, '2024-01-10', '2023-01-10', -112, ARRAY['']);
INSERT INTO tours."Reviews" ("Id", "Rating", "Comment", "TouristId", "TourVisitDate", "CommentDate", "TourId", "Images") VALUES (-138, 5, 'Average tour.', -178, '2024-01-10', '2023-01-10', -112, ARRAY['']);
INSERT INTO tours."Reviews" ("Id", "Rating", "Comment", "TouristId", "TourVisitDate", "CommentDate", "TourId", "Images") VALUES (-139, 4, 'Bad tour.', -181, '2024-01-10', '2023-01-10', -114, ARRAY['']);
INSERT INTO tours."Reviews" ("Id", "Rating", "Comment", "TouristId", "TourVisitDate", "CommentDate", "TourId", "Images") VALUES (-140, 4, 'Okay tour.', -180, '2024-01-10', '2023-01-10', -114, ARRAY['']);
INSERT INTO tours."Reviews" ("Id", "Rating", "Comment", "TouristId", "TourVisitDate", "CommentDate", "TourId", "Images") VALUES (-141, 5, 'Love the tour.', -182, '2024-01-10', '2023-01-10', -114, ARRAY['']);
INSERT INTO tours."Reviews" ("Id", "Rating", "Comment", "TouristId", "TourVisitDate", "CommentDate", "TourId", "Images") VALUES (-142, 4, 'Average tour.', -179, '2024-01-10', '2023-01-10', -114, ARRAY['']);
INSERT INTO tours."Reviews" ("Id", "Rating", "Comment", "TouristId", "TourVisitDate", "CommentDate", "TourId", "Images") VALUES (-143, 5, 'Average tour.', -178, '2024-01-10', '2023-01-10', -114, ARRAY['']);
INSERT INTO tours."Reviews" ("Id", "Rating", "Comment", "TouristId", "TourVisitDate", "CommentDate", "TourId", "Images") VALUES (-144, 5, 'Bad tour.', -176, '2024-01-10', '2023-01-10', -115, ARRAY['']);
INSERT INTO tours."Reviews" ("Id", "Rating", "Comment", "TouristId", "TourVisitDate", "CommentDate", "TourId", "Images") VALUES (-145, 4, 'Okay tour.', -177, '2024-01-10', '2023-01-10', -115, ARRAY['']);
INSERT INTO tours."Reviews" ("Id", "Rating", "Comment", "TouristId", "TourVisitDate", "CommentDate", "TourId", "Images") VALUES (-146, 5, 'Love the tour.', -182, '2024-01-10', '2023-01-10', -115, ARRAY['']);
INSERT INTO tours."Reviews" ("Id", "Rating", "Comment", "TouristId", "TourVisitDate", "CommentDate", "TourId", "Images") VALUES (-147, 5, 'Great tour.', -179, '2024-01-10', '2023-01-10', -115, ARRAY['']);
INSERT INTO tours."Reviews" ("Id", "Rating", "Comment", "TouristId", "TourVisitDate", "CommentDate", "TourId", "Images") VALUES (-148, 5, 'Awesome tour.', -178, '2024-01-10', '2023-01-10', -115, ARRAY['']);

INSERT INTO tours."Reviews"("Id", "Rating", "Comment", "TouristId", "TourVisitDate", "CommentDate", "TourId", "Images") VALUES (1001, 5, 'Taman', -184, '2024-01-14', '2024-01-14', 1001, ARRAY['https://media-cdn.tripadvisor.com/media/photo-s/11/35/48/c2/two-types-of-burek-together.jpg']);
INSERT INTO tours."Reviews"("Id", "Rating", "Comment", "TouristId", "TourVisitDate", "CommentDate", "TourId", "Images") VALUES (1002, 5, 'Predobro', -168, '2024-01-15', '2024-01-15', 1001, ARRAY['https://www.mojnovisad.com/files/_thumb/600x400/location/2/2/0/220/limanski-1.jpg']);
INSERT INTO tours."Reviews"("Id", "Rating", "Comment", "TouristId", "TourVisitDate", "CommentDate", "TourId", "Images") VALUES (1003, 4, 'Nije nesto', -182, '2024-01-14', '2024-01-14', 1001, ARRAY['http://www.mojnovisad.com/files/news/8/1/2/34812/34812-ftn.jpg']);
INSERT INTO tours."Reviews"("Id", "Rating", "Comment", "TouristId", "TourVisitDate", "CommentDate", "TourId", "Images") VALUES (1004, 4, 'Moze bolje', -181, '2024-01-10', '2024-01-10', 1001, ARRAY['https://fakulteti.edukacija.rs/wp-content/uploads/2014/10/ftn-890x395.jpg']);
INSERT INTO tours."Reviews"("Id", "Rating", "Comment", "TouristId", "TourVisitDate", "CommentDate", "TourId", "Images") VALUES (1005, 5, 'Topcina', -178, '2024-01-9', '2024-01-9', 1001, ARRAY['https://l13.alamy.com/360/PK8TRK/novi-sad-liman-2-PK8TRK.jpg']);
INSERT INTO tours."Reviews"("Id", "Rating", "Comment", "TouristId", "TourVisitDate", "CommentDate", "TourId", "Images") VALUES (1006, 5, 'Svidja mi se', -169, '2024-01-12', '2024-01-12', 1001, ARRAY['https://external-content.duckduckgo.com/iu/?u=https%3A%2F%2Ftse4.mm.bing.net%2Fth%3Fid%3DOIP.73Y1itFS8yUN-X3xPJJngAHaFj%26pid%3DApi&f=1&ipt=84cd3bdd8fd58b4848b8f74d3006db206d78a4d6d8d7e837a34b17fe38e11d0e&ipo=images']);
